{
    "2": {
        "SimpleNtuplerDiEle": {
            "zp500": [
                0.0, 
                0.0, 
                0.0, 
                0.0
            ], 
            "WWTo2L2Nu_13TeV": [
                6633.14794921875, 
                2570.246337890625, 
                2570.246337890625, 
                19.009225845336914
            ], 
            "ST_tW_antitop_5f_inclusiveDecays_13TeV": [
                4068.2158203125, 
                1689.5753173828125, 
                1689.5753173828125, 
                352.773681640625
            ], 
            "zp200": [
                0.0, 
                0.0, 
                0.0, 
                0.0
            ], 
            "TTTo2L2Nu_TuneCUETP8M2_ttHtranche3_13TeV": [
                67565.171875, 
                27030.81640625, 
                27030.81640625, 
                2233.338134765625
            ], 
            "ST_tW_top_5f_inclusiveDecays_13TeV": [
                4068.735107421875, 
                1734.166748046875, 
                1734.166748046875, 
                345.1646423339844
            ], 
            "WZ_TuneCUETP8M1_13TeV": [
                5065.39892578125, 
                1132.1671142578125, 
                1132.1671142578125, 
                7.57023286819458
            ], 
            "ZZ_TuneCUETP8M1_13TeV": [
                4046.2265625, 
                859.1272583007812, 
                859.1272583007812, 
                18.051816940307617
            ], 
            "DYJetsToLL_M": [
                8885479.0, 
                516349.75, 
                516349.75, 
                9016.7353515625
            ], 
            "zp350": [
                0.0, 
                0.0, 
                0.0, 
                0.0
            ]
        }, 
        "SimpleNtupler": {
            "zp500": [
                178.9593963623047, 
                178.9009552001953, 
                178.9009552001953, 
                24.6053524017334
            ], 
            "WWTo2L2Nu_13TeV": [
                3410.139404296875, 
                3404.115966796875, 
                3404.115966796875, 
                24.090883255004883
            ], 
            "ST_tW_antitop_5f_inclusiveDecays_13TeV": [
                2263.4990234375, 
                2261.134765625, 
                2261.134765625, 
                450.1324462890625
            ], 
            "zp200": [
                5567.39306640625, 
                5563.71337890625, 
                5563.71337890625, 
                862.9068603515625
            ], 
            "TTTo2L2Nu_TuneCUETP8M2_ttHtranche3_13TeV": [
                37119.81640625, 
                37082.12890625, 
                37082.12890625, 
                3057.1591796875
            ], 
            "ST_tW_top_5f_inclusiveDecays_13TeV": [
                2289.277587890625, 
                2286.719482421875, 
                2286.719482421875, 
                460.61920166015625
            ], 
            "WZ_TuneCUETP8M1_13TeV": [
                1451.8179931640625, 
                1450.976806640625, 
                1450.976806640625, 
                16.82274055480957
            ], 
            "ZZ_TuneCUETP8M1_13TeV": [
                1177.80029296875, 
                1176.695068359375, 
                1176.695068359375, 
                34.99842071533203
            ], 
            "DYJetsToLL_M": [
                705902.75, 
                705043.5, 
                705043.5, 
                12587.7470703125
            ], 
            "zp350": [
                806.9039916992188, 
                806.9039916992188, 
                806.9039916992188, 
                120.04144287109375
            ]
        }
    }, 
    "b=1,2_b+j=2": {
        "SimpleNtuplerDiEle": {
            "zp500": [
                0.0, 
                0.0, 
                0.0, 
                0.0
            ], 
            "WWTo2L2Nu_13TeV": [
                6633.14794921875, 
                2570.246337890625, 
                2570.246337890625, 
                19.573854446411133
            ], 
            "ST_tW_antitop_5f_inclusiveDecays_13TeV": [
                4068.2158203125, 
                1689.5753173828125, 
                1689.5753173828125, 
                317.89007568359375
            ], 
            "zp200": [
                0.0, 
                0.0, 
                0.0, 
                0.0
            ], 
            "TTTo2L2Nu_TuneCUETP8M2_ttHtranche3_13TeV": [
                67565.171875, 
                27030.81640625, 
                27030.81640625, 
                7237.892578125
            ], 
            "ST_tW_top_5f_inclusiveDecays_13TeV": [
                4068.735107421875, 
                1734.166748046875, 
                1734.166748046875, 
                333.16680908203125
            ], 
            "WZ_TuneCUETP8M1_13TeV": [
                5065.39892578125, 
                1132.1671142578125, 
                1132.1671142578125, 
                22.7106990814209
            ], 
            "ZZ_TuneCUETP8M1_13TeV": [
                4046.2265625, 
                859.1272583007812, 
                859.1272583007812, 
                51.94502258300781
            ], 
            "DYJetsToLL_M": [
                8885479.0, 
                516349.75, 
                516349.75, 
                14612.6015625
            ], 
            "zp350": [
                0.0, 
                0.0, 
                0.0, 
                0.0
            ]
        }, 
        "SimpleNtupler": {
            "zp500": [
                178.9593963623047, 
                178.9009552001953, 
                178.9009552001953, 
                17.18284034729004
            ], 
            "WWTo2L2Nu_13TeV": [
                3410.139404296875, 
                3404.115966796875, 
                3404.115966796875, 
                26.914026260375977
            ], 
            "ST_tW_antitop_5f_inclusiveDecays_13TeV": [
                2263.4990234375, 
                2261.134765625, 
                2261.134765625, 
                417.416748046875
            ], 
            "zp200": [
                5567.39306640625, 
                5563.71337890625, 
                5563.71337890625, 
                373.4945068359375
            ], 
            "TTTo2L2Nu_TuneCUETP8M2_ttHtranche3_13TeV": [
                37119.81640625, 
                37082.12890625, 
                37082.12890625, 
                9833.8916015625
            ], 
            "ST_tW_top_5f_inclusiveDecays_13TeV": [
                2289.277587890625, 
                2286.719482421875, 
                2286.719482421875, 
                441.5406799316406
            ], 
            "WZ_TuneCUETP8M1_13TeV": [
                1451.8179931640625, 
                1450.976806640625, 
                1450.976806640625, 
                29.439794540405273
            ], 
            "ZZ_TuneCUETP8M1_13TeV": [
                1177.80029296875, 
                1176.695068359375, 
                1176.695068359375, 
                67.04963684082031
            ], 
            "DYJetsToLL_M": [
                705902.75, 
                705043.5, 
                705043.5, 
                19312.109375
            ], 
            "zp350": [
                806.9039916992188, 
                806.9039916992188, 
                806.9039916992188, 
                81.99151611328125
            ]
        }
    }, 
    "b=1_j=0": {
        "SimpleNtuplerDiEle": {
            "zp500": [
                0.0, 
                0.0, 
                0.0, 
                0.0
            ], 
            "WWTo2L2Nu_13TeV": [
                6633.14794921875, 
                2570.246337890625, 
                2570.246337890625, 
                19.009225845336914
            ],